<?xml version="1.0" encoding="utf-8" ?><dwsync><file name="8.jpg" server="192.168.10.55/event/CW/cwef/" local="3716442642" remote="3708864000" Dst="-1" /><file name="4.jpg" server="192.168.10.55/event/CW/cwef/" local="3716442642" remote="3708864000" Dst="-1" /><file name="9.jpg" server="192.168.10.55/event/CW/cwef/" local="3716442642" remote="3708864000" Dst="-1" /><file name="5.jpg" server="192.168.10.55/event/CW/cwef/" local="3716442642" remote="3708864000" Dst="-1" /><file name="7.jpg" server="192.168.10.55/event/CW/cwef/" local="3716442642" remote="3708864000" Dst="-1" /><file name="6.jpg" server="192.168.10.55/event/CW/cwef/" local="3716442642" remote="3708864000" Dst="-1" /><file name="1.jpg" server="192.168.10.55/event/CW/cwef/" local="3716442642" remote="3708864000" Dst="-1" /><file name="2.jpg" server="192.168.10.55/event/CW/cwef/" local="3716442642" remote="3708864000" Dst="-1" /><file name="3.jpg" server="192.168.10.55/event/CW/cwef/" local="3716442642" remote="3708864000" Dst="-1" /></dwsync>